date,sales,oil_price
2013-01-01,2511.618999,93.14
2013-01-02,496092.417944,93.14
2013-01-03,361461.231124,92.97
2013-01-04,354459.6770927,93.12
2013-01-05,477350.121229,53.38
2013-01-06,519695.401088,53.38
2013-01-07,336122.801066,93.2
2013-01-08,318347.777981,93.21
2013-01-09,302530.809018,93.08
2013-01-10,258982.003049,93.81
2013-01-11,289737.6850845,93.6
2013-01-12,403258.2120105,53.38
2013-01-13,464638.547998,53.38
2013-01-14,293348.362078,94.27
2013-01-15,299129.549954,93.26
2013-01-16,318347.913946,94.28
2013-01-17,267498.5159755,95.49
2013-01-18,296130.850028,95.61
2013-01-19,432459.852021,53.38
2013-01-20,461092.386047,53.38
2013-01-21,311211.26595000003,95.61
2013-01-22,296214.728983,96.09
2013-01-23,283258.4530325,95.06
2013-01-24,247245.690995,95.35
2013-01-25,290022.77193,95.15
2013-01-26,413799.7679753,53.38
2013-01-27,430411.991233,53.38
2013-01-28,285460.169953,95.95
2013-01-29,264488.81807649997,97.62
2013-01-30,281061.127052,97.98
2013-01-31,271254.217996,97.65
2013-02-01,369402.055266,97.46
2013-02-02,518887.462705,53.38
2013-02-03,486336.82018,53.38
2013-02-04,344308.715017,96.21
2013-02-05,321245.83913,96.68
2013-02-06,321538.177149,96.44
2013-02-07,290807.530973,95.84
2013-02-08,347441.789912,95.71
2013-02-09,416176.2790747,53.38
2013-02-10,300951.328993,53.38
2013-02-11,278627.588926,97.01
2013-02-12,308800.7909121,97.48
2013-02-13,319597.929962,97.03
2013-02-14,308164.016957,97.3
2013-02-15,320168.883912,95.95
2013-02-16,485660.494008,53.38
2013-02-17,399588.910014,53.38
2013-02-18,350745.573191,95.95
2013-02-19,293637.801951,96.69
2013-02-20,313803.162034,94.92
2013-02-21,267711.1090155,92.79
2013-02-22,285679.869131,93.12
2013-02-23,412897.349113,53.38
2013-02-24,452726.126103,53.38
2013-02-25,307110.875933,92.74
2013-02-26,270425.0070675,92.63
2013-02-27,288401.998919,92.84
2013-02-28,278116.291888,92.03
2013-03-01,378898.165064,90.71
2013-03-02,547857.205258,53.38
2013-03-03,559820.580027,53.38
2013-03-04,383647.679097,90.13
2013-03-05,332189.993189,90.88
2013-03-06,335726.580968,90.47
2013-03-07,293099.52701,91.53
2013-03-08,316600.679967,92.01
2013-03-09,453259.496866,53.38
2013-03-10,461859.756153,53.38
2013-03-11,318379.133021,92.07
2013-03-12,271823.37801,92.44
2013-03-13,287869.663972,92.47
2013-03-14,247541.420096,93.03
2013-03-15,315878.090213,93.49
2013-03-16,482233.433961,53.38
2013-03-17,513439.584913,53.38
2013-03-18,330283.80303,93.71
2013-03-19,294020.245897,92.44
2013-03-20,321207.006946,93.21
2013-03-21,269130.127953,92.46
2013-03-22,304100.453969,93.41
2013-03-23,453192.003086,53.38
2013-03-24,449794.636951,53.38
2013-03-25,317559.6099585,94.55
2013-03-26,275818.2359,95.99
2013-03-27,313691.148998,96.53
2013-03-28,339293.269022,97.24
2013-03-29,345513.132,97.24
2013-03-30,452661.356036,53.38
2013-03-31,462107.639956,53.38
2013-04-01,428816.447912,97.1
2013-04-02,377732.827961,97.23
2013-04-03,373731.0758793,95.02
2013-04-04,308738.385963,93.26
2013-04-05,336394.782031,92.76
2013-04-06,509424.214023,53.38
2013-04-07,519048.376884,53.38
2013-04-08,346649.815943,93.36
2013-04-09,306335.8019617,94.18
2013-04-10,312846.374941,94.59
2013-04-11,303223.41301,93.44
2013-04-12,314394.967035,91.23
2013-04-13,453442.497048,53.38
2013-04-14,478417.148813,53.38
2013-04-15,338712.458055,88.75
2013-04-16,333431.880049,88.73
2013-04-17,334990.518942,86.65
2013-04-18,281924.509951,87.83
2013-04-19,311588.70494,88.04
2013-04-20,459884.838043,53.38
2013-04-21,485721.032087,53.38
2013-04-22,328886.320986,88.81
2013-04-23,302097.8329435,89.21
2013-04-24,310555.184925,91.07
2013-04-25,268790.618996,93.27
2013-04-26,304413.556952,92.63
2013-04-27,446665.337895,53.38
2013-04-28,477623.4729303,53.38
2013-04-29,328795.874018,94.09
2013-04-30,310186.466894,93.22
2013-05-01,507974.636889,90.74
2013-05-02,348709.460063,93.7
2013-05-03,374291.2510323,95.25
2013-05-04,520339.51596499997,53.38
2013-05-05,580268.550981,53.38
2013-05-06,369869.383046,95.8
2013-05-07,317292.964148,95.28
2013-05-08,332477.410968,96.24
2013-05-09,305868.0570225,96.09
2013-05-10,335937.441949,95.81
2013-05-11,512090.58108,53.38
2013-05-12,387860.5050145,53.38
2013-05-13,350598.06187,94.76
2013-05-14,308469.313119,93.96
2013-05-15,329113.560081,93.95
2013-05-16,307556.946937,94.85
2013-05-17,330004.241998,95.72
2013-05-18,480969.558942,53.38
2013-05-19,518153.554009,53.38
2013-05-20,341787.214991,96.29
2013-05-21,307178.399952,95.55
2013-05-22,301785.4831075,93.98
2013-05-23,289261.058026,94.12
2013-05-24,398389.241982,93.84
2013-05-25,417930.141993,53.38
2013-05-26,450631.400068,53.38
2013-05-27,321630.8309235,93.84
2013-05-28,307329.1680565,94.65
2013-05-29,309333.380899,93.13
2013-05-30,304344.849939,93.57
2013-05-31,330257.841975,91.93
2013-06-01,566901.814988,53.38
2013-06-02,637698.494958,53.38
2013-06-03,426332.097995,93.41
2013-06-04,369705.160085,93.36
2013-06-05,361791.080915,93.66
2013-06-06,317496.765891,94.71
2013-06-07,357673.087977,96.11
2013-06-08,466292.699096,53.38
2013-06-09,526804.730256,53.38
2013-06-10,349754.291978,95.82
2013-06-11,283858.2159925,95.5
2013-06-12,320173.5779987,95.98
2013-06-13,282886.9200452,96.66
2013-06-14,326956.74210719997,97.83
2013-06-15,505950.6668701,53.38
2013-06-16,435894.082881,53.38
2013-06-17,370944.271024,97.86
2013-06-18,320885.3399215,98.46
2013-06-19,319235.25797700003,98.24
2013-06-20,293877.944015,94.89
2013-06-21,319722.6870265,93.81
2013-06-22,446347.312096,53.38
2013-06-23,504964.845142,53.38
2013-06-24,336631.9640383,95.07
2013-06-25,305119.530064,95.25
2013-06-26,301847.2489636,95.47
2013-06-27,266525.458966,97.0
2013-06-28,324210.971803,96.36
2013-06-29,509379.108146,53.38
2013-06-30,533481.693027,53.38
2013-07-01,441758.3880965,97.94
2013-07-02,390958.38408,99.65
2013-07-03,374551.917949,101.92
2013-07-04,327020.179028,101.92
2013-07-05,351401.500074,103.09
2013-07-06,479514.493924,53.38
2013-07-07,500606.073078,53.38
2013-07-08,365452.995017,103.03
2013-07-09,317279.1449993,103.46
2013-07-10,314134.886071,106.41
2013-07-11,281750.931023,104.77
2013-07-12,308786.438133,105.85
2013-07-13,432569.1022205,53.38
2013-07-14,438722.417857,53.38
2013-07-15,348803.0469486,106.2
2013-07-16,335516.229006,105.88
2013-07-17,324313.8180255,106.39
2013-07-18,287074.8739522,107.94
2013-07-19,313332.555049,108.0
2013-07-20,435497.731013,53.38
2013-07-21,437952.624049,53.38
2013-07-22,342802.29905,106.61
2013-07-23,316257.463107,107.13
2013-07-24,309243.7899995,105.41
2013-07-25,298074.2249247,105.47
2013-07-26,318745.692921,104.76
2013-07-27,423890.5020012,53.38
2013-07-28,433358.6520873,53.38
2013-07-29,331493.2850525,104.61
2013-07-30,318553.989932,103.14
2013-07-31,357982.979012,105.1
2013-08-01,397555.3181021,107.93
2013-08-02,393831.120007,106.94
2013-08-03,516956.846013,53.38
2013-08-04,514267.27594,53.38
2013-08-05,407033.810946,106.61
2013-08-06,357263.854086,105.32
2013-08-07,351302.132003,104.41
2013-08-08,310953.0239315,103.45
2013-08-09,337521.667868,106.04
2013-08-10,434184.94409,53.38
2013-08-11,434720.3230013,53.38
2013-08-12,349539.224033,106.19
2013-08-13,317103.331061,106.78
2013-08-14,324377.386893,106.89
2013-08-15,311043.17291,107.43
2013-08-16,364487.3218839,107.58
2013-08-17,448835.3109167,53.38
2013-08-18,464053.7730675,53.38
2013-08-19,362085.52696,107.14
2013-08-20,343046.11398,104.9
2013-08-21,335724.643932,103.93
2013-08-22,306473.26098,104.93
2013-08-23,331906.369098,106.48
2013-08-24,420576.154994,53.38
2013-08-25,443694.093754,53.38
2013-08-26,347159.6410143,105.88
2013-08-27,319688.2190185,109.11
2013-08-28,319322.060993,110.17
2013-08-29,294518.685943,108.51
2013-08-30,354932.930947,107.98
2013-08-31,523631.3811059,53.38
2013-09-01,640406.221875,53.38
2013-09-02,458792.960966,107.98
2013-09-03,397680.420032,108.67
2013-09-04,392565.48591,107.29
2013-09-05,330622.779063,108.5
2013-09-06,335442.247929,110.62
2013-09-07,518584.247,53.38
2013-09-08,560852.005091,53.38
2013-09-09,377151.7070027,109.62
2013-09-10,308074.4658225,107.48
2013-09-11,323124.61885,107.65
2013-09-12,282855.730937,108.72
2013-09-13,319556.942029,108.31
2013-09-14,476364.004996,53.38
2013-09-15,532852.959041,53.38
2013-09-16,373229.840879,106.54
2013-09-17,327282.949966,105.36
2013-09-18,315687.718926,108.23
2013-09-19,279580.372008,106.26
2013-09-20,331846.9039701,104.7
2013-09-21,468298.380896,53.38
2013-09-22,502068.7019007,53.38
2013-09-23,356043.0340047,103.62
2013-09-24,303333.392926,103.22
2013-09-25,312490.104996,102.68
2013-09-26,273057.8798588,103.1
2013-09-27,320246.574024,102.86
2013-09-28,484903.6890081,53.38
2013-09-29,522868.441946,53.38
2013-09-30,367068.4500143,102.36
2013-10-01,436441.034076,102.09
2013-10-02,414455.6550375,104.15
2013-10-03,348933.24703,103.29
2013-10-04,378109.978059,103.83
2013-10-05,540156.625057,53.38
2013-10-06,553031.424016,53.38
2013-10-07,373387.109043,103.07
2013-10-08,326726.7240121,103.54
2013-10-09,322529.418957,101.63
2013-10-10,305047.0980576,103.08
2013-10-11,402913.849028,102.17
2013-10-12,426379.6909939,53.38
2013-10-13,481781.2559686,53.38
2013-10-14,342694.7209944,102.46
2013-10-15,305242.569986,101.15
2013-10-16,355696.963943,102.34
2013-10-17,312949.412961,100.72
2013-10-18,323327.873107,100.87
2013-10-19,488245.570001,53.38
2013-10-20,537713.5090483,53.38
2013-10-21,348721.327971,99.28
2013-10-22,301641.7850828,97.63
2013-10-23,323105.11598,96.9
2013-10-24,276059.0800025,96.65
2013-10-25,317570.4260338,97.4
2013-10-26,452902.363914,53.38
2013-10-27,512891.4830689,53.38
2013-10-28,346941.91396,98.74
2013-10-29,302332.9969864,98.29
2013-10-30,319494.7050373,96.81
2013-10-31,298195.433106,96.29
2013-11-01,403637.232955,94.56
2013-11-02,540615.555037,53.38
2013-11-03,602796.556029,53.38
2013-11-04,424314.167046,94.58
2013-11-05,393322.182909,93.4
2013-11-06,386426.9788195,94.74
2013-11-07,346293.3400477,94.25
2013-11-08,358473.978049,94.56
2013-11-09,513850.32307,53.38
2013-11-10,587666.490239,53.38
2013-11-11,374087.890067,95.13
2013-11-12,373277.748034,93.12
2013-11-13,332279.2568851,93.91
2013-11-14,284567.4029707,93.76
2013-11-15,349383.296052,93.8
2013-11-16,524065.5881155,53.38
2013-11-17,579209.228924,53.38
2013-11-18,391945.551999,93.03
2013-11-19,329455.2710234,93.35
2013-11-20,354337.734795,93.34
2013-11-21,298047.047965,95.35
2013-11-22,340734.213038,94.53
2013-11-23,485544.298837,53.38
2013-11-24,550925.293106,53.38
2013-11-25,365965.5090102,93.86
2013-11-26,323292.830024,93.41
2013-11-27,337083.286026,92.05
2013-11-28,305982.981947,92.05
2013-11-29,357000.404165,92.55
2013-11-30,541977.655801,53.38
2013-12-01,698217.128989,53.38
2013-12-02,495488.366984,93.61
2013-12-03,424438.046973,95.83
2013-12-04,424147.0459855,96.97
2013-12-05,386406.804985,97.14
2013-12-06,432661.755068,97.48
2013-12-07,537181.319801,53.38
2013-12-08,588855.895921,53.38
2013-12-09,442309.3141075,97.1
2013-12-10,414421.695986,98.32
2013-12-11,422957.198908,97.25
2013-12-12,384256.080979,97.21
2013-12-13,434657.0129787,96.27
2013-12-14,554911.917024,53.38
2013-12-15,642015.7758165,53.38
2013-12-16,516060.290853,97.18
2013-12-17,480470.71684249997,96.99
2013-12-18,527481.336925,97.59
2013-12-19,507461.038187,98.4
2013-12-20,544104.2676365,99.11
2013-12-21,685673.07474,53.38
2013-12-22,696295.146867,53.38
2013-12-23,792865.284427,98.62
2013-12-24,620663.290732,98.87
2013-12-26,470731.1624137,99.18
2013-12-27,479314.968043,99.94
2013-12-28,556952.3059789999,53.38
2013-12-29,499719.5049237,53.38
2013-12-30,635134.7358515,98.9
2013-12-31,507264.6630475,98.17
2014-01-01,8602.065404,98.17
2014-01-02,801011.226041,95.14
2014-01-03,680672.845603,93.66
2014-01-04,936628.8866039,53.38
2014-01-05,949618.78894,53.38
2014-01-06,602268.564009,93.12
2014-01-07,563450.5988595,93.31
2014-01-08,636176.853478,91.9
2014-01-09,496377.933414,91.36
2014-01-10,543055.329066,92.39
2014-01-11,787321.455619,53.38
2014-01-12,844633.598917,53.38
2014-01-13,555547.0150185,91.45
2014-01-14,502643.104285,92.15
2014-01-15,567067.469069,93.78
2014-01-16,502789.214207,93.54
2014-01-17,542937.915657,93.96
2014-01-18,786779.8899055,53.38
2014-01-19,851735.334091,53.38
2014-01-20,575850.061871,93.96
2014-01-21,538817.207912,94.51
2014-01-22,553097.596874,96.35
2014-01-23,460789.0398597,97.23
2014-01-24,526124.572256,96.66
2014-01-25,733880.979053,53.38
2014-01-26,814057.732862,53.38
2014-01-27,540798.833711,95.82
2014-01-28,481593.435798,97.49
2014-01-29,512853.989922,97.34
2014-01-30,453642.9707033,98.25
2014-01-31,560816.192394,97.55
2014-02-01,648870.19898,53.38
2014-02-02,619805.537102,53.38
2014-02-03,461637.5229585,96.44
2014-02-04,403189.5869763,97.24
2014-02-05,399138.3059075,97.4
2014-02-06,359139.101529,97.84
2014-02-07,389471.568011,99.98
2014-02-08,530128.059914,53.38
2014-02-09,520753.7470746,53.38
2014-02-10,396622.737011,100.12
2014-02-11,358382.7339877,99.96
2014-02-12,387758.393971,100.38
2014-02-13,347373.2985675,100.27
2014-02-14,361206.4069057,100.31
2014-02-15,538893.357859,53.38
2014-02-16,595300.23508,53.38
2014-02-17,412029.2879535,100.31
2014-02-18,365331.247942,102.54
2014-02-19,360161.6390075,103.46
2014-02-20,322451.9201135,103.2
2014-02-21,369403.653633,102.53
2014-02-22,538206.082827,53.38
2014-02-23,487896.463891,53.38
2014-02-24,404224.188997,103.17
2014-02-25,351418.110084,102.2
2014-02-26,353604.266985,102.93
2014-02-27,330330.185244,102.68
2014-02-28,425624.795466,102.88
2014-03-01,911360.2578707,53.38
2014-03-02,667413.052988,53.38
2014-03-03,613973.031386,105.34
2014-03-04,748930.902096,103.64
2014-03-05,741756.416525,101.75
2014-03-06,614082.444339,101.82
2014-03-07,598242.341178,102.82
2014-03-08,753345.259201,53.38
2014-03-09,916117.649984,53.38
2014-03-10,587414.828974,101.39
2014-03-11,539365.375063,100.29
2014-03-12,575676.797032,98.29
2014-03-13,473298.042544,98.57
2014-03-14,530515.2554715,99.23
2014-03-15,731049.789851,53.38
2014-03-16,929808.492772,53.38
2014-03-17,612719.522118,98.43
2014-03-18,537427.86875,100.08
2014-03-19,585974.657018,100.71
2014-03-20,500897.112641,99.68
2014-03-21,548811.469984,99.97
2014-03-22,771704.933772,53.38
2014-03-23,838814.636064,53.38
2014-03-24,571762.044919,100.05
2014-03-25,539861.6183493,99.66
2014-03-26,569680.543547,100.61
2014-03-27,468581.39830400003,101.25
2014-03-28,538905.781947,101.73
2014-03-29,822333.142686,53.38
2014-03-30,873958.8396415,53.38
2014-03-31,651800.509461,101.57
2014-04-01,485079.887001,99.69
2014-04-02,463917.316107,99.6
2014-04-03,388867.961418,100.29
2014-04-04,422578.745073,101.16
2014-04-05,617680.194045,53.38
2014-04-06,631888.250898,53.38
2014-04-07,426091.1040178,100.43
2014-04-08,376663.272105,102.57
2014-04-09,375309.08201199997,103.55
2014-04-10,334052.7571255,103.37
2014-04-11,379646.845927,103.68
2014-04-12,529919.922964,53.38
2014-04-13,540190.281942,53.38
2014-04-14,381386.309033,104.05
2014-04-15,364689.054991,103.7
2014-04-16,411357.084985,103.71
2014-04-17,397464.842904,104.33
2014-04-18,394392.184115,104.33
2014-04-19,496904.749136,53.38
2014-04-20,520126.3980386,53.38
2014-04-21,398677.396998,104.35
2014-04-22,370552.249018,101.69
2014-04-23,372232.595049,101.47
2014-04-24,320875.477858,102.2
2014-04-25,357173.708433,100.85
2014-04-26,497334.735036,53.38
2014-04-27,560508.420995,53.38
2014-04-28,362271.9169815,101.13
2014-04-29,326338.348031,101.56
2014-04-30,357079.964912,100.07
2014-05-01,530380.848064,99.69
2014-05-02,443284.891212,100.09
2014-05-03,610391.748971,53.38
2014-05-04,646164.863883,53.38
2014-05-05,427601.704071,99.74
2014-05-06,388945.890086,99.81
2014-05-07,391932.183945,101.06
2014-05-08,337483.713217,100.52
2014-05-09,381335.196055,100.32
2014-05-10,577012.026997,53.38
2014-05-11,454512.928937,53.38
2014-05-12,398251.889006,100.89
2014-05-13,360734.522978,102.01
2014-05-14,356373.806985,102.63
2014-05-15,332272.8296378,101.74
2014-05-16,380822.742652,102.31
2014-05-17,537873.964019,53.38
2014-05-18,634519.7368283,53.38
2014-05-19,388814.744958,102.95
2014-05-20,354372.33997,102.8
2014-05-21,356898.483031,104.31
2014-05-22,310660.142642,104.03
2014-05-23,349549.892726,105.01
2014-05-24,516627.261707,53.38
2014-05-25,573412.21016,53.38
2014-05-26,373831.086112,105.01
2014-05-27,327642.143098,104.78
2014-05-28,338481.784057,103.37
2014-05-29,326624.5773325,104.26
2014-05-30,375782.6398709,103.4
2014-05-31,597192.467989,53.38
2014-06-01,742732.830236,53.38
2014-06-02,512725.7729758,103.07
2014-06-03,443636.187975,103.34
2014-06-04,423284.494993,103.27
2014-06-05,359474.513823,103.17
2014-06-06,391266.125449,103.32
2014-06-07,557142.461024,53.38
2014-06-08,626026.956957,53.38
2014-06-09,415798.946041,105.09
2014-06-10,351689.4229725,105.02
2014-06-11,373828.16418,105.04
2014-06-12,329408.06736,107.2
2014-06-13,392308.374573,107.49
2014-06-14,622072.988944,53.38
2014-06-15,441279.9339945,53.38
2014-06-16,447450.23987,107.52
2014-06-17,380396.036044,106.95
2014-06-18,373408.6641423,106.64
2014-06-19,332280.93509600003,107.08
2014-06-20,369206.789547,107.95
2014-06-21,538613.855166,53.38
2014-06-22,591184.1240535,53.38
2014-06-23,414929.6359765,106.83
2014-06-24,340464.7450455,106.64
2014-06-25,355342.398017,107.04
2014-06-26,315798.180924,106.49
2014-06-27,370793.573429,106.46
2014-06-28,510870.81398,53.38
2014-06-29,567218.8850125,53.38
2014-06-30,429324.0552005,106.07
2014-07-01,720480.616788,106.06
2014-07-02,747430.1471275,105.18
2014-07-03,583844.7207922,104.76
2014-07-04,595424.31324,104.76
2014-07-05,817307.1101677,53.38
2014-07-06,918276.596259,53.38
2014-07-07,638526.428909,104.19
2014-07-08,557291.4975265,104.06
2014-07-09,574451.409963,102.93
2014-07-10,498047.54898,103.61
2014-07-11,535644.182793,101.48
2014-07-12,756698.7523004999,53.38
2014-07-13,733653.779849,53.38
2014-07-14,584867.15114,101.73
2014-07-15,562860.0268329,100.56
2014-07-16,621336.4939885,101.88
2014-07-17,498221.7050971,103.84
2014-07-18,547619.0590519,103.83
2014-07-19,728988.226204,53.38
2014-07-20,776474.1180457,53.38
2014-07-21,600228.430008,105.34
2014-07-22,530276.040011,104.59
2014-07-23,574168.635995,103.81
2014-07-24,484618.8170115,102.76
2014-07-25,579767.285128,105.23
2014-07-26,688919.5500267,53.38
2014-07-27,747307.86662,53.38
2014-07-28,583936.68549,105.68
2014-07-29,524743.3250017,104.91
2014-07-30,578056.965281,104.29
2014-07-31,532423.558194,98.23
2014-08-01,506826.7949305,97.86
2014-08-02,626533.637869,53.38
2014-08-03,625898.205888,53.38
2014-08-04,471173.304022,98.26
2014-08-05,417197.476176,97.34
2014-08-06,402914.370941,96.93
2014-08-07,359701.53298899997,97.34
2014-08-08,397759.9389829,97.61
2014-08-09,496192.787084,53.38
2014-08-10,509681.7650025,53.38
2014-08-11,409544.575013,98.09
2014-08-12,353898.211991,97.36
2014-08-13,372116.544964,97.57
2014-08-14,340740.8170565,95.54
2014-08-15,402631.8400593,97.3
2014-08-16,533996.15517,53.38
2014-08-17,564443.173007,53.38
2014-08-18,433042.298907,96.44
2014-08-19,379329.9530773,94.35
2014-08-20,398126.790988,96.4
2014-08-21,355108.8749955,93.97
2014-08-22,388359.8983235,93.61
2014-08-23,499678.208204,53.38
2014-08-24,528990.5611087,53.38
2014-08-25,412250.075007,95.39
2014-08-26,355053.9079745,95.78
2014-08-27,366321.498077,95.82
2014-08-28,327912.427,96.44
2014-08-29,403288.917062,97.86
2014-08-30,586373.694132,53.38
2014-08-31,660088.183052,53.38
2014-09-01,812526.219024,97.86
2014-09-02,717351.552768,92.92
2014-09-03,726683.8617375,95.5
2014-09-04,551340.0774347,94.51
2014-09-05,603043.241921,93.32
2014-09-06,870139.4459765,53.38
2014-09-07,997964.077948,53.38
2014-09-08,648651.744928,92.64
2014-09-09,562420.568002,92.73
2014-09-10,612987.4722337,91.71
2014-09-11,483462.953022,92.89
2014-09-12,564382.847851,92.18
2014-09-13,795802.238124,53.38
2014-09-14,896501.5622945,53.38
2014-09-15,630710.5728885,92.86
2014-09-16,608239.973016,94.91
2014-09-17,617472.3442115,94.33
2014-09-18,479500.843061,93.07
2014-09-19,550213.093909,92.43
2014-09-20,808490.763077,53.38
2014-09-21,901420.451004,53.38
2014-09-22,589120.293928,91.46
2014-09-23,559954.304399,91.55
2014-09-24,598183.114508,93.6
2014-09-25,466867.377076,93.59
2014-09-26,515474.223943,95.55
2014-09-27,781202.367982,53.38
2014-09-28,886531.789814,53.38
2014-09-29,586682.822002,94.53
2014-09-30,599093.9157257,91.17
2014-10-01,784500.253914,90.74
2014-10-02,634306.519052,91.02
2014-10-03,675639.295098,89.76
2014-10-04,931317.51302,53.38
2014-10-05,985466.962071,53.38
2014-10-06,641480.757266,90.33
2014-10-07,586410.2709706,88.89
2014-10-08,620201.323059,87.29
2014-10-09,510519.923104,85.76
2014-10-10,702470.317955,85.87
2014-10-11,748309.153739,53.38
2014-10-12,843971.132714,53.38
2014-10-13,611726.926015,85.73
2014-10-14,550589.573294,81.72
2014-10-15,624797.469491,81.82
2014-10-16,538252.607117,82.33
2014-10-17,558538.135999,82.8
2014-10-18,820840.970792,53.38
2014-10-19,935410.595877,53.38
2014-10-20,624629.990941,82.76
2014-10-21,542207.165266,83.25
2014-10-22,584926.355993,80.52
2014-10-23,492233.2322,82.81
2014-10-24,528403.680064,81.27
2014-10-25,758926.230707,53.38
2014-10-26,892128.498949,53.38
2014-10-27,572806.6319285,81.26
2014-10-28,512678.811505,81.36
2014-10-29,560819.6780005,82.25
2014-10-30,459715.26616,81.06
2014-10-31,561876.0719155,80.53
2014-11-01,873539.2478855,53.38
2014-11-02,709851.4922288,53.38
2014-11-03,973192.041735,78.77
2014-11-04,702751.953595,77.15
2014-11-05,718799.9390395,78.71
2014-11-06,566118.381055,77.87
2014-11-07,585330.25773,78.71
2014-11-08,816064.644983,53.38
2014-11-09,941478.422301,53.38
2014-11-10,593376.793073,77.43
2014-11-11,552505.750307,77.85
2014-11-12,588093.484021,77.16
2014-11-13,468057.386823,74.13
2014-11-14,553007.970965,75.91
2014-11-15,786124.201177,53.38
2014-11-16,956619.401927,53.38
2014-11-17,620876.340058,75.64
2014-11-18,553367.204141,74.55
2014-11-19,580234.0113007,74.55
2014-11-20,511855.7610447,75.63
2014-11-21,567978.732759,76.52
2014-11-22,763720.148593,53.38
2014-11-23,907432.656994,53.38
2014-11-24,610847.95702,75.74
2014-11-25,541225.608011,74.04
2014-11-26,579125.306002,73.7
2014-11-27,475823.897052,73.7
2014-11-28,559619.825094,65.94
2014-11-29,850925.105136,53.38
2014-11-30,1023691.281592,53.38
2014-12-01,817413.561974,68.98
2014-12-02,735319.1840285,66.99
2014-12-03,715127.614539,67.3
2014-12-04,578961.517004,66.73
2014-12-05,635445.153317,65.89
2014-12-06,829386.70612,53.38
2014-12-07,1013889.8074,53.38
2014-12-08,790283.289992,63.13
2014-12-09,665123.962957,63.74
2014-12-10,732121.033873,60.99
2014-12-11,580542.178879,60.01
2014-12-12,642760.387245,57.81
2014-12-13,854830.905829,53.38
2014-12-14,999106.1325775,53.38
2014-12-15,790182.945791,55.96
2014-12-16,799067.056179,55.97
2014-12-17,779966.499188,56.43
2014-12-18,731938.479893,54.18
2014-12-19,757349.3758179,56.91
2014-12-20,935555.52434,53.38
2014-12-21,1056605.2012285,53.38
2014-12-22,1008143.3460193,55.25
2014-12-23,1064977.9730725,56.78
2014-12-24,965982.871715,55.7
2014-12-26,872098.456795,54.59
2014-12-27,740596.158932,53.38
2014-12-28,716329.635071,53.38
2014-12-29,773998.401175,53.46
2014-12-30,912970.533204,54.14
2014-12-31,844380.469674,53.45
2015-01-01,12773.61698,53.45
2015-01-02,657763.391981,52.72
2015-01-03,648880.686926,53.38
2015-01-04,730923.776022,53.38
2015-01-05,569267.29796,50.05
2015-01-06,477886.741053,47.98
2015-01-07,494160.850117,48.69
2015-01-08,417482.689131,48.8
2015-01-09,439381.226073,48.35
2015-01-10,569956.90801,53.38
2015-01-11,694860.9511,53.38
2015-01-12,442845.544014,46.06
2015-01-13,393799.993059,45.92
2015-01-14,400923.97107,48.49
2015-01-15,371146.144942,46.37
2015-01-16,423599.9357975,48.49
2015-01-17,621865.434007,53.38
2015-01-18,678277.030991,53.38
2015-01-19,448217.896919,48.49
2015-01-20,405308.77722,46.79
2015-01-21,413202.592067,47.85
2015-01-22,364862.5390355,45.93
2015-01-23,416937.181925,45.26
2015-01-24,588849.871003,53.38
2015-01-25,631623.951015,53.38
2015-01-26,410009.617966,44.8
2015-01-27,360009.850046,45.84
2015-01-28,376935.916035,44.08
2015-01-29,343062.160973,44.12
2015-01-30,435899.6719165,47.79
2015-01-31,656205.841844,53.38
2015-02-01,815294.475951,53.38
2015-02-02,538301.886974,49.25
2015-02-03,475249.842928,53.04
2015-02-04,451923.147059,48.45
2015-02-05,407491.967944,50.48
2015-02-06,437147.54517,51.66
2015-02-07,599911.594879,53.38
2015-02-08,622994.231951,53.38
2015-02-09,458002.152043,52.99
2015-02-10,400825.9849177,50.06
2015-02-11,400115.3330245,48.8
2015-02-12,384963.142969,51.17
2015-02-13,493265.468013,52.66
2015-02-14,562855.068099,53.38
2015-02-15,434886.671834,53.38
2015-02-16,420740.903983,52.66
2015-02-17,483088.13409300003,53.56
2015-02-18,497499.057967,52.13
2015-02-19,436360.905914,51.12
2015-02-20,483681.015026,49.95
2015-02-21,572753.075038,53.38
2015-02-22,691339.067796,53.38
2015-02-23,443349.890841,49.56
2015-02-24,407890.277971,48.48
2015-02-25,395774.954032,50.25
2015-02-26,354938.226975,47.65
2015-02-27,436488.424914,49.84
2015-02-28,635263.400075,53.38
2015-03-01,820434.978924,53.38
2015-03-02,546037.787999,49.59
2015-03-03,492365.24083,50.43
2015-03-04,483330.548167,51.53
2015-03-05,428599.809059,50.76
2015-03-06,463723.974873,49.61
2015-03-07,657377.210913,53.38
2015-03-08,659563.411966,53.38
2015-03-09,480371.950086,49.95
2015-03-10,457881.7640763,48.42
2015-03-11,425617.727075,48.06
2015-03-12,382588.6690535,47.12
2015-03-13,434805.995204,44.88
2015-03-14,616609.760896,53.38
2015-03-15,662700.871933,53.38
2015-03-16,466598.425914,43.93
2015-03-17,415359.51603,43.39
2015-03-18,398629.999994,44.63
2015-03-19,373324.3829895,44.02
2015-03-20,467687.945081,46.0
2015-03-21,624099.228222,53.38
2015-03-22,646466.401887,53.38
2015-03-23,462664.2370045,47.4
2015-03-24,407369.722015,47.03
2015-03-25,408258.189916,48.75
2015-03-26,367006.957001,51.41
2015-03-27,436906.608975,48.83
2015-03-28,589854.7040575,53.38
2015-03-29,641213.770163,53.38
2015-03-30,437878.834978,48.66
2015-03-31,443278.893073,47.72
2015-04-01,557223.161038,50.12
2015-04-02,524588.902022,49.13
2015-04-03,510296.785948,49.13
2015-04-04,653894.195903,53.38
2015-04-05,659669.577136,53.38
2015-04-06,519734.816963,52.08
2015-04-07,464788.21798,53.95
2015-04-08,461140.213006,50.44
2015-04-09,398718.315935,50.79
2015-04-10,445869.298012,51.63
2015-04-11,610603.017074,53.38
2015-04-12,659939.024086,53.38
2015-04-13,453724.756048,51.95
2015-04-14,403623.396979,53.3
2015-04-15,438106.287965,56.25
2015-04-16,418643.193957,56.69
2015-04-17,456303.236748,55.71
2015-04-18,629155.66071,53.38
2015-04-19,684544.950159,53.38
2015-04-20,481694.770966,56.37
2015-04-21,426018.313035,55.58
2015-04-22,421108.210059,56.17
2015-04-23,392147.042002,56.59
2015-04-24,437625.507963,55.98
2015-04-25,588781.512939,53.38
2015-04-26,625901.000988,53.38
2015-04-27,425049.148087,55.56
2015-04-28,374839.1850745,57.05
2015-04-29,398724.330055,58.55
2015-04-30,432612.141938,59.62
2015-05-01,674509.400095,59.1
2015-05-02,711052.273896,53.38
2015-05-03,742887.785029,53.38
2015-05-04,556245.147953,58.92
2015-05-05,509493.227021,60.38
2015-05-06,504999.550962,60.93
2015-05-07,444082.309939,58.99
2015-05-08,481304.22297,59.41
2015-05-09,706705.4400759999,53.38
2015-05-10,558062.273048,53.38
2015-05-11,524864.051063,59.23
2015-05-12,452162.874045,60.72
2015-05-13,446915.639008,60.5
2015-05-14,395609.666087,59.89
2015-05-15,483535.538107,59.73
2015-05-16,709798.552994,53.38
2015-05-17,798186.132143,53.38
2015-05-18,496595.01098,59.44
2015-05-19,446375.4880335,57.3
2015-05-20,466238.630977,58.96
2015-05-21,417006.136035,60.18
2015-05-22,458727.917031,58.88
2015-05-23,658882.9229615,53.38
2015-05-24,738068.426823,53.38
2015-05-25,534802.790004,58.88
2015-05-26,463132.406006,57.29
2015-05-27,481804.96096,57.51
2015-05-28,428506.881011,57.69
2015-05-29,560519.530038,60.25
2015-05-30,855728.291973,53.38
2015-05-31,1023564.76704,53.38
2015-06-01,812081.2027655,60.24
2015-06-02,753430.6418917,61.3
2015-06-03,747929.452075,59.67
2015-06-04,608994.6461083,58.0
2015-06-05,657675.126037,59.11
2015-06-06,904437.271141,53.38
2015-06-07,1070695.9178497,53.38
2015-06-08,696952.81204,58.15
2015-06-09,623725.1071692,60.15
2015-06-10,641435.3719983,61.36
2015-06-11,510019.1489275,60.74
2015-06-12,606616.000975,59.96
2015-06-13,840727.775905,53.38
2015-06-14,967745.7218685,53.38
2015-06-15,666557.1317587,59.53
2015-06-16,672637.824072,60.01
2015-06-17,677171.157112,59.89
2015-06-18,556155.0391433,60.41
2015-06-19,659233.5706609,59.62
2015-06-20,936951.654373,53.38
2015-06-21,790568.421132,53.38
2015-06-22,701208.22895,60.01
2015-06-23,640322.326029,61.05
2015-06-24,643411.714061,60.01
2015-06-25,518700.9558973,59.59
2015-06-26,593299.460788,59.41
2015-06-27,831492.4641955,53.38
2015-06-28,976563.5890657,53.38
2015-06-29,639072.192193,58.34
2015-06-30,669548.425059,59.48
2015-07-01,885953.200992,56.94
2015-07-02,705642.2820965,56.93
2015-07-03,772773.3939200001,56.93
2015-07-04,1018541.84294,53.38
2015-07-05,982427.6819,53.38
2015-07-06,754949.70914,52.48
2015-07-07,654821.0515315,52.33
2015-07-08,732992.130029,51.61
2015-07-09,605032.4963965,52.76
2015-07-10,643986.381178,52.74
2015-07-11,794984.703157,53.38
2015-07-12,898731.936734,53.38
2015-07-13,647967.077874,52.19
2015-07-14,601452.258023,53.05
2015-07-15,664505.1001790001,51.4
2015-07-16,584042.727022,50.9
2015-07-17,653452.17114,50.88
2015-07-18,826353.336031,53.38
2015-07-19,894707.299378,53.38
2015-07-20,685961.243972,50.11
2015-07-21,607836.498977,50.59
2015-07-22,631385.408886,49.27
2015-07-23,541511.421067,48.11
2015-07-24,635244.2449785,47.98
2015-07-25,797427.520942,53.38
2015-07-26,875032.0362592,53.38
2015-07-27,652999.1942961001,47.17
2015-07-28,594977.6665523,47.97
2015-07-29,625449.98155,48.77
2015-07-30,543393.592625,48.53
2015-07-31,695083.4489723,47.11
2015-08-01,1044894.790061,53.38
2015-08-02,1043495.475018,53.38
2015-08-03,811119.83411,45.25
2015-08-04,726613.35811,45.75
2015-08-05,724346.594,45.13
2015-08-06,583375.211759,44.69
2015-08-07,663326.5180703,43.87
2015-08-08,784099.215997,53.38
2015-08-09,679410.125135,53.38
2015-08-10,785477.934216,44.94
2015-08-11,668280.357956,43.11
2015-08-12,678064.7316857,43.22
2015-08-13,557859.477954,42.27
2015-08-14,734484.205049,42.45
2015-08-15,936339.026059,53.38
2015-08-16,913846.62503,53.38
2015-08-17,694747.161863,41.93
2015-08-18,629475.6430527,42.58
2015-08-19,653733.3600063,40.75
2015-08-20,569443.704073,41.0
2015-08-21,653281.208151,40.45
2015-08-22,803270.157597,53.38
2015-08-23,865755.397429,53.38
2015-08-24,681575.9899773,38.22
2015-08-25,624698.33755,39.15
2015-08-26,640075.9908365,38.5
2015-08-27,548043.327354,42.47
2015-08-28,635737.2322,45.29
2015-08-29,876953.096934,53.38
2015-08-30,975697.601858,53.38
2015-08-31,776152.5521897,49.2
2015-09-01,906549.992952,45.38
2015-09-02,879033.0925,46.3
2015-09-03,707093.042,46.75
2015-09-04,736395.302632,46.02
2015-09-05,1052868.394291,53.38
2015-09-06,1147642.583011,53.38
2015-09-07,767382.7769737,46.02
2015-09-08,677312.236066,45.92
2015-09-09,705633.4998935,44.13
2015-09-10,577743.795026,45.85
2015-09-11,651330.167952,44.75
2015-09-12,921524.436013,53.38
2015-09-13,1023345.318906,53.38
2015-09-14,688405.190061,44.07
2015-09-15,682134.3540295,44.58
2015-09-16,742089.667998,47.12
2015-09-17,593577.802125,46.93
2015-09-18,653805.874946,44.71
2015-09-19,935893.481059,53.38
2015-09-20,1037532.860693,53.38
2015-09-21,717725.376959,46.67
2015-09-22,641914.7389995,46.17
2015-09-23,690419.721922,44.53
2015-09-24,557321.610921,44.94
2015-09-25,646083.8750635,45.55
2015-09-26,890486.060145,53.38
2015-09-27,1018062.963565,53.38
2015-09-28,671261.0640092,44.4
2015-09-29,609130.6581453,45.24
2015-09-30,711182.539054,45.06
2015-10-01,796340.858947,44.75
2015-10-02,830719.387744,45.54
2015-10-03,1179376.177625,53.38
2015-10-04,1234130.938595,53.38
2015-10-05,809524.837996,46.28
2015-10-06,696169.275967,48.53
2015-10-07,720562.330573,47.86
2015-10-08,603066.030064,49.46
2015-10-09,873934.7190479999,49.67
2015-10-10,867556.973019,53.38
2015-10-11,973329.203973,53.38
2015-10-12,721634.5721813,47.09
2015-10-13,585141.5538577,46.7
2015-10-14,688198.106351,46.63
2015-10-15,577952.197162,46.38
2015-10-16,693829.351874,47.3
2015-10-17,958052.958031,53.38
2015-10-18,1071477.102879,53.38
2015-10-19,699259.488037,45.91
2015-10-20,660308.361186,45.84
2015-10-21,672847.3460333,45.22
2015-10-22,547020.0469813,44.9
2015-10-23,639040.6062,43.91
2015-10-24,859950.710621,53.38
2015-10-25,1018783.141953,53.38
2015-10-26,649914.352338,43.19
2015-10-27,587066.101075,43.21
2015-10-28,599388.1222552,45.93
2015-10-29,511860.0689186,46.02
2015-10-30,635875.8911987,46.6
2015-10-31,915956.851878,53.38
2015-11-01,819250.388037,53.38
2015-11-02,762549.794932,46.12
2015-11-03,1033439.132986,47.88
2015-11-04,855494.43996,46.32
2015-11-05,649662.670907,45.27
2015-11-06,671145.788057,44.32
2015-11-07,929723.344157,53.38
2015-11-08,1077361.9559685,53.38
2015-11-09,683644.901987,43.87
2015-11-10,623529.1790699,44.23
2015-11-11,689746.212316,42.95
2015-11-12,506937.6640027,41.74
2015-11-13,626674.025055,40.69
2015-11-14,867597.332909,53.38
2015-11-15,1056159.462651,53.38
2015-11-16,716508.7092175,41.68
2015-11-17,618919.988059,40.73
2015-11-18,683954.18795,40.75
2015-11-19,560452.567301,40.55
2015-11-20,665619.668251,39.39
2015-11-21,863726.8816559,53.38
2015-11-22,1015844.2849005,53.38
2015-11-23,696685.460932,39.27
2015-11-24,612710.200935,40.89
2015-11-25,658917.83013,41.22
2015-11-26,530358.330027,41.22
2015-11-27,645087.0350447,40.57
2015-11-28,850596.003884,53.38
2015-11-29,1070619.802932,53.38
2015-11-30,762036.1239965,40.43
2015-12-01,857620.9426407,40.58
2015-12-02,867269.5758400001,39.93
2015-12-03,676883.031992,41.08
2015-12-04,749354.1319635,40.0
2015-12-05,966202.367876,53.38
2015-12-06,1143119.31945,53.38
2015-12-07,822334.708983,37.64
2015-12-08,712569.16983,37.46
2015-12-09,747893.782087,37.16
2015-12-10,657427.1785246,36.76
2015-12-11,708392.807819,35.65
2015-12-12,915667.884291,53.38
2015-12-13,1059425.4213405,53.38
2015-12-14,811613.7221567,36.31
2015-12-15,779809.953397,37.32
2015-12-16,859930.249129,35.55
2015-12-17,809809.748717,34.98
2015-12-18,893569.902701,34.72
2015-12-19,1095523.5178683,53.38
2015-12-20,1175416.9636673,53.38
2015-12-21,1072887.476889,34.55
2015-12-22,1141861.90926,36.12
2015-12-23,1196146.056374,36.76
2015-12-24,1083680.315238,37.62
2015-12-26,946725.190766,53.38
2015-12-27,837714.129168,53.38
2015-12-28,789684.9127821,36.36
2015-12-29,870762.025758,37.88
2015-12-30,1030043.735764,36.59
2015-12-31,964641.5415009999,37.13
2016-01-01,16433.394,37.13
2016-01-02,1066677.424862,53.38
2016-01-03,1226735.719895,53.38
2016-01-04,955956.875097,36.81
2016-01-05,835320.439089,35.97
2016-01-06,821685.655923,33.97
2016-01-07,653504.3669428,33.29
2016-01-08,713608.3341557,33.2
2016-01-09,989209.458148,53.38
2016-01-10,1094693.83696,53.38
2016-01-11,705495.240963,31.42
2016-01-12,647058.461085,30.42
2016-01-13,660045.317135,30.42
2016-01-14,561972.62307,31.22
2016-01-15,671027.100027,29.45
2016-01-16,959827.146436,53.38
2016-01-17,1057997.343303,53.38
2016-01-18,709784.229951,29.45
2016-01-19,630929.75099,28.47
2016-01-20,738744.013045,26.68
2016-01-21,552820.7690359,29.55
2016-01-22,648431.428037,32.07
2016-01-23,906754.833923,53.38
2016-01-24,980927.7570135,53.38
2016-01-25,658090.687097,30.31
2016-01-26,609465.787904,29.54
2016-01-27,647254.67807,32.32
2016-01-28,533709.8489592,33.21
2016-01-29,660492.758086,33.66
2016-01-30,969938.376831,53.38
2016-01-31,1093211.2294,53.38
2016-02-01,872063.3148838,31.62
2016-02-02,765233.207779,29.9
2016-02-03,772360.939004,32.29
2016-02-04,650328.166941,31.63
2016-02-05,768586.5079877,30.86
2016-02-06,941954.07605,53.38
2016-02-07,697791.630994,53.38
2016-02-08,636542.677274,29.71
2016-02-09,746939.64016,27.96
2016-02-10,790988.713851,27.54
2016-02-11,646376.371075,26.19
2016-02-12,698152.0698755,29.32
2016-02-13,859023.0269945,53.38
2016-02-14,940214.498527,53.38
2016-02-15,746671.290005,29.32
2016-02-16,719111.88609,29.05
2016-02-17,723794.722013,30.68
2016-02-18,570072.678149,30.77
2016-02-19,672510.133621,29.59
2016-02-20,883790.2212395,53.38
2016-02-21,991384.2700283,53.38
2016-02-22,698907.63622,31.37
2016-02-23,641329.0610941,31.84
2016-02-24,675573.377814,30.35
2016-02-25,557959.327812,31.4
2016-02-26,641922.8016649,31.65
2016-02-27,916704.0687289999,53.38
2016-02-28,994502.727301,53.38
2016-02-29,726619.7578255,32.74
2016-03-01,897927.643296,34.39
2016-03-02,878452.364907,34.57
2016-03-03,671564.7523075,34.56
2016-03-04,747546.7958183,35.91
2016-03-05,1028620.677053,53.38
2016-03-06,1078958.5091855,53.38
2016-03-07,738126.524119,37.9
2016-03-08,642291.3448895,36.67
2016-03-09,694645.8489091,37.62
2016-03-10,572491.856825,37.77
2016-03-11,664893.5129268001,38.51
2016-03-12,898101.109871,53.38
2016-03-13,954980.3301475,53.38
2016-03-14,668066.393105,37.2
2016-03-15,668186.702459,36.32
2016-03-16,739805.377693,38.43
2016-03-17,580452.5319757,40.17
2016-03-18,666756.8191527,39.47
2016-03-19,895038.512068,53.38
2016-03-20,929605.582019,53.38
2016-03-21,690469.800941,39.91
2016-03-22,622695.8369947,41.45
2016-03-23,714881.17408,38.28
2016-03-24,660489.8450025,38.14
2016-03-25,633524.200062,38.14
2016-03-26,800133.5174955,53.38
2016-03-27,833336.064862,53.38
2016-03-28,661057.8656583,37.99
2016-03-29,621166.0630926,36.91
2016-03-30,660138.988943,36.91
2016-03-31,617374.3379607,36.94
2016-04-01,872467.3200749999,35.36
2016-04-02,1150824.580929,53.38
2016-04-03,1266908.291001,53.38
2016-04-04,795237.1920634999,34.3
2016-04-05,725750.101045,34.52
2016-04-06,744784.8430795,37.74
2016-04-07,587939.720177,37.3
2016-04-08,689727.1961377,39.74
2016-04-09,927981.389244,53.38
2016-04-10,1008876.737901,53.38
2016-04-11,665348.963943,40.46
2016-04-12,651657.0342615,42.12
2016-04-13,672611.48105,41.7
2016-04-14,546785.2089455,41.45
2016-04-15,667606.299867,40.4
2016-04-16,862121.492036,53.38
2016-04-17,1271833.739255,53.38
2016-04-18,1345920.6048929,39.74
2016-04-19,1152089.208085,40.88
2016-04-20,1062426.2900389,42.72
2016-04-21,1001079.779168,43.18
2016-04-22,857059.24399,42.76
2016-04-23,1022143.1346499,53.38
2016-04-24,1039369.932014,53.38
2016-04-25,680000.753839,41.67
2016-04-26,704799.4182328,42.52
2016-04-27,670288.098041,45.29
2016-04-28,543339.849013,46.03
2016-04-29,708711.428894,45.98
2016-04-30,1067335.770093,53.38
2016-05-01,1270121.20756,53.38
2016-05-02,973985.670432,44.75
2016-05-03,792205.5501393,43.65
2016-05-04,798654.4540987,43.77
2016-05-05,648701.6029645,44.33
2016-05-06,761422.5161262,44.58
2016-05-07,1071192.776983,53.38
2016-05-08,820824.6380683,53.38
2016-05-09,771767.6541339,43.45
2016-05-10,693010.486981,44.68
2016-05-11,727543.4630335,46.21
2016-05-12,603394.2070997,46.64
2016-05-13,666833.8999414,46.22
2016-05-14,932869.5212631,53.38
2016-05-15,1070331.66738,53.38
2016-05-16,748112.686851,47.72
2016-05-17,661930.83884,48.29
2016-05-18,671232.9593407,48.12
2016-05-19,581470.5602065,48.16
2016-05-20,706024.0579254,47.67
2016-05-21,910757.16309,53.38
2016-05-22,1030671.62292,53.38
2016-05-23,695004.681298,48.12
2016-05-24,606377.2052165,48.04
2016-05-25,637512.038734,49.1
2016-05-26,571968.623123,49.0
2016-05-27,852689.219312,49.36
2016-05-28,816187.2200643,53.38
2016-05-29,959853.658039,53.38
2016-05-30,752452.419172,49.36
2016-05-31,974327.9898907,49.1
2016-06-01,811525.320315,49.07
2016-06-02,694535.9356793,49.14
2016-06-03,742363.085208,48.69
2016-06-04,1011996.61607,53.38
2016-06-05,1123734.4361,53.38
2016-06-06,729894.222866,49.71
2016-06-07,658714.653306,50.37
2016-06-08,696747.5498651,51.23
2016-06-09,547139.6129411,50.52
2016-06-10,637354.31962,49.09
2016-06-11,845838.2061645,53.38
2016-06-12,947479.764963,53.38
2016-06-13,685382.193062,48.89
2016-06-14,622267.7731045,48.49
2016-06-15,708327.6370845,47.92
2016-06-16,620526.243001,46.14
2016-06-17,737897.438279,48.0
2016-06-18,972971.109711,53.38
2016-06-19,837363.023871,53.38
2016-06-20,735754.3648971,49.4
2016-06-21,679248.0220203,48.95
2016-06-22,677730.6512057,49.16
2016-06-23,559653.337429,49.34
2016-06-24,641812.675912,46.7
2016-06-25,860296.8349625,53.38
2016-06-26,954344.666933,53.38
2016-06-27,684735.608995,45.8
2016-06-28,596948.934953,47.93
2016-06-29,632489.476942,49.85
2016-06-30,554144.864923,48.27
2016-07-01,857027.5539605,49.02
2016-07-02,1078485.141848,53.38
2016-07-03,1126713.707945,53.38
2016-07-04,850891.598845,49.02
2016-07-05,728011.558041,46.73
2016-07-06,752110.940641,47.37
2016-07-07,591702.7820185,45.22
2016-07-08,688563.400224,45.37
2016-07-09,868259.9708787,53.38
2016-07-10,932486.3001359,53.38
2016-07-11,688436.1450485,44.73
2016-07-12,627039.780111,46.82
2016-07-13,642494.4024465,44.87
2016-07-14,535124.328126,45.64
2016-07-15,675032.4290353,45.93
2016-07-16,887192.885063,53.38
2016-07-17,932586.6967328,53.38
2016-07-18,702619.751022,45.23
2016-07-19,633176.2922806,44.64
2016-07-20,686848.847004,44.96
2016-07-21,578823.6890245,43.96
2016-07-22,646633.655341,43.41
2016-07-23,822292.472006,53.38
2016-07-24,847867.677942,53.38
2016-07-25,697383.602092,42.4
2016-07-26,622771.923903,42.16
2016-07-27,651121.9849837,41.9
2016-07-28,533256.2493581,41.13
2016-07-29,669585.8378729,41.54
2016-07-30,910213.871959,53.38
2016-07-31,997916.9572141,53.38
2016-08-01,895580.405053,40.05
2016-08-02,777592.8388893,39.5
2016-08-03,779844.8100532,40.8
2016-08-04,622883.098161,41.92
2016-08-05,704092.7391311,41.83
2016-08-06,858903.2119025,53.38
2016-08-07,904321.436838,53.38
2016-08-08,715195.5388238,43.06
2016-08-09,635538.981035,42.78
2016-08-10,658457.436112,41.75
2016-08-11,596729.279945,43.51
2016-08-12,745662.5051491,44.47
2016-08-13,714905.9190669,53.38
2016-08-14,761826.1289779,53.38
2016-08-15,720032.299881,45.72
2016-08-16,718671.651353,46.57
2016-08-17,725945.703034,46.81
2016-08-18,577350.5209386,48.2
2016-08-19,678767.115815,48.48
2016-08-20,828986.33584,53.38
2016-08-21,901870.149939,53.38
2016-08-22,714866.233843,46.8
2016-08-23,660819.9779755,47.54
2016-08-24,674613.0479498,46.29
2016-08-25,554421.529139,46.97
2016-08-26,646698.272887,47.64
2016-08-27,791047.534486,53.38
2016-08-28,858802.419759,53.38
2016-08-29,671845.736816,46.97
2016-08-30,624711.335056,46.32
2016-08-31,731430.1240452,44.68
2016-09-01,718105.570925,43.17
2016-09-02,837129.587642,44.39
2016-09-03,1057581.210918,53.38
2016-09-04,1109985.857533,53.38
2016-09-05,813763.2950235,44.39
2016-09-06,751583.025072,44.85
2016-09-07,738543.916999,45.47
2016-09-08,595849.2986095,47.63
2016-09-09,658969.026968,45.88
2016-09-10,915938.559049,53.38
2016-09-11,1017369.2242663,53.38
2016-09-12,678776.4591265,46.28
2016-09-13,603427.946974,44.91
2016-09-14,624262.071976,43.62
2016-09-15,568324.812986,43.85
2016-09-16,691912.601466,43.04
2016-09-17,899219.297508,53.38
2016-09-18,1018662.657394,53.38
2016-09-19,681159.341976,43.34
2016-09-20,650980.3219717001,43.85
2016-09-21,666928.400013,45.33
2016-09-22,533276.332017,46.1
2016-09-23,663685.9846653,44.36
2016-09-24,861830.389997,53.38
2016-09-25,952352.5509251,53.38
2016-09-26,664217.4402937,45.6
2016-09-27,587908.3278165,44.65
2016-09-28,631761.1750463,47.07
2016-09-29,520744.9210333,47.72
2016-09-30,703198.490806,47.72
2016-10-01,1175033.65823,53.38
2016-10-02,1256480.1709663,53.38
2016-10-03,833060.55889,48.8
2016-10-04,724113.096039,48.67
2016-10-05,749712.3000211,49.75
2016-10-06,581429.340158,50.44
2016-10-07,797612.239327,49.76
2016-10-08,932551.706831,53.38
2016-10-09,1088251.479908,53.38
2016-10-10,725312.8469015,49.76
2016-10-11,625271.993952,50.72
2016-10-12,665126.077693,50.14
2016-10-13,558859.8909975,50.47
2016-10-14,667954.207226,50.35
2016-10-15,890613.591114,53.38
2016-10-16,1104504.6882152,53.38
2016-10-17,710456.4240015,49.97
2016-10-18,630638.592023,50.3
2016-10-19,647823.468973,51.59
2016-10-20,583001.280078,50.31
2016-10-21,669453.5420583,50.61
2016-10-22,843626.415914,53.38
2016-10-23,1022953.689959,53.38
2016-10-24,668507.6451983,50.18
2016-10-25,610590.8979547,49.45
2016-10-26,633413.8905697,48.75
2016-10-27,544361.4798829,49.71
2016-10-28,638838.252231,48.72
2016-10-29,841074.6969995,53.38
2016-10-30,954838.191008,53.38
2016-10-31,654923.5029715,46.83
2016-11-01,811832.445984,46.66
2016-11-02,969033.618953,45.32
2016-11-03,793811.6841115,44.66
2016-11-04,858468.216477,44.07
2016-11-05,887751.298669,53.38
2016-11-06,1140367.104134,53.38
2016-11-07,849451.0429045,44.88
2016-11-08,767439.628434,44.96
2016-11-09,790276.839009,45.2
2016-11-10,588241.7590247,44.62
2016-11-11,713396.4541223,43.39
2016-11-12,929802.771943,53.38
2016-11-13,1188982.232398,53.38
2016-11-14,735723.172977,43.29
2016-11-15,691801.6290437999,45.86
2016-11-16,830431.7415873,45.56
2016-11-17,615228.2560159,45.37
2016-11-18,738265.552222,45.69
2016-11-19,935656.0010137,53.38
2016-11-20,1125178.987911,53.38
2016-11-21,773762.280859,47.48
2016-11-22,690281.251004,48.07
2016-11-23,753685.041456,46.72
2016-11-24,595457.3062203,46.72
2016-11-25,737819.484836,46.72
2016-11-26,908066.823384,53.38
2016-11-27,1056721.5920875,53.38
2016-11-28,752583.7680527,45.66
2016-11-29,645760.5082353,45.29
2016-11-30,767361.704324,49.41
2016-12-01,843603.315088,51.08
2016-12-02,853454.930795,51.7
2016-12-03,1113440.567059,53.38
2016-12-04,1276195.0362097,53.38
2016-12-05,896824.938971,51.72
2016-12-06,932546.385931,50.95
2016-12-07,867653.7351403,49.85
2016-12-08,674077.382905,50.84
2016-12-09,774941.923982,51.51
2016-12-10,920050.745917,53.38
2016-12-11,1119324.243986,53.38
2016-12-12,844251.703802,52.74
2016-12-13,747161.615593,52.99
2016-12-14,829763.2190675,51.01
2016-12-15,747641.1828753001,50.9
2016-12-16,918899.786306,51.93
2016-12-17,1071655.6282493,53.38
2016-12-18,1260471.9085900001,53.38
2016-12-19,1028242.8227987,52.13
2016-12-20,1080402.388032,52.22
2016-12-21,1181307.3270735,51.44
2016-12-22,1135849.391084,51.98
2016-12-23,1282145.5171351,52.01
2016-12-24,1246837.8430543,53.38
2016-12-26,1032770.748898,52.01
2016-12-27,842475.490118,52.82
2016-12-28,951533.7138481,54.01
2016-12-29,894108.236835,53.8
2016-12-30,1163643.0379923,53.75
2016-12-31,1109012.812049,53.38
2017-01-01,12082.500997,53.38
2017-01-02,1402306.370834,53.75
2017-01-03,1104377.0798245,52.36
2017-01-04,990093.463742,53.26
2017-01-05,777620.9540695,53.77
2017-01-06,839600.237989,53.98
2017-01-07,1103806.298949,53.38
2017-01-08,1192543.750978,53.38
2017-01-09,793724.8969065,51.95
2017-01-10,742635.5692609,50.82
2017-01-11,770742.690065,52.19
2017-01-12,629635.794004,53.01
2017-01-13,768898.9443882,52.36
2017-01-14,1021050.536226,53.38
2017-01-15,1175725.165838,53.38
2017-01-16,824488.666175,52.36
2017-01-17,750836.542952,52.45
2017-01-18,782656.0246723,51.12
2017-01-19,606949.7448793,51.39
2017-01-20,725703.6910875,52.33
2017-01-21,1072721.724905,53.38
2017-01-22,1148214.358454,53.38
2017-01-23,798133.612125,52.77
2017-01-24,721275.774781,52.38
2017-01-25,744342.5929227,52.14
2017-01-26,576515.5369877,53.24
2017-01-27,722113.958837,53.18
2017-01-28,977850.40585,53.38
2017-01-29,1075166.993043,53.38
2017-01-30,698123.768037,52.63
2017-01-31,778222.285925,52.75
2017-02-01,961777.382874,53.9
2017-02-02,748882.732615,53.55
2017-02-03,834667.1519293,53.81
2017-02-04,1132788.541413,53.38
2017-02-05,1151987.631095,53.38
2017-02-06,786672.394181,53.01
2017-02-07,739431.213302,52.19
2017-02-08,783605.377185,52.37
2017-02-09,624387.487899,52.99
2017-02-10,752207.2398545,53.84
2017-02-11,944924.65301,53.38
2017-02-12,1074820.900014,53.38
2017-02-13,794314.4320675,52.96
2017-02-14,642613.187069,53.21
2017-02-15,745780.355084,53.11
2017-02-16,645968.2570671,53.41
2017-02-17,758855.71279,53.41
2017-02-18,1063394.844003,53.38
2017-02-19,858897.1230135,53.38
2017-02-20,759120.0599607,53.41
2017-02-21,717807.6770255,54.02
2017-02-22,739388.0344027,53.61
2017-02-23,675578.500156,54.48
2017-02-24,816197.498952,53.99
2017-02-25,1026011.2228075,53.38
2017-02-26,775708.987978,53.38
2017-02-27,744956.948138,54.04
2017-02-28,949366.8290505,54.0
2017-03-01,1008521.709962,53.82
2017-03-02,836225.179072,52.63
2017-03-03,882639.776274,53.33
2017-03-04,1125736.3470592,53.38
2017-03-05,1196983.690104,53.38
2017-03-06,790143.2410905,53.19
2017-03-07,761866.729975,52.68
2017-03-08,781046.6619577,49.83
2017-03-09,653901.1919827,48.75
2017-03-10,773855.30685,48.05
2017-03-11,1001174.4340065,53.38
2017-03-12,1146006.826973,53.38
2017-03-13,754390.380036,47.95
2017-03-14,700998.0346447,47.24
2017-03-15,815621.887369,48.34
2017-03-16,699108.166824,48.3
2017-03-17,812306.77427,48.34
2017-03-18,1038906.566154,53.38
2017-03-19,1157140.638587,53.38
2017-03-20,826428.90991,47.79
2017-03-21,746620.926177,47.02
2017-03-22,767880.804934,47.29
2017-03-23,670848.010029,47.0
2017-03-24,787914.125515,47.3
2017-03-25,1038139.316887,53.38
2017-03-26,1101557.476706,53.38
2017-03-27,784103.265042,47.02
2017-03-28,702943.9485770001,48.36
2017-03-29,824632.985033,49.47
2017-03-30,637624.340998,50.3
2017-03-31,878750.03788,50.54
2017-04-01,1463083.962459,53.38
2017-04-02,1138650.058898,53.38
2017-04-03,835191.622029,50.25
2017-04-04,835602.6360017,50.99
2017-04-05,846631.307907,51.14
2017-04-06,683059.570103,51.69
2017-04-07,765502.211925,52.25
2017-04-08,988591.469958,53.38
2017-04-09,1101713.657101,53.38
2017-04-10,739392.130988,53.06
2017-04-11,741331.430196,53.38
2017-04-12,791762.312883,53.12
2017-04-13,737029.565183,53.19
2017-04-14,740889.486829,53.19
2017-04-15,898610.217928,53.38
2017-04-16,985493.795113,53.38
2017-04-17,775916.9059055,52.62
2017-04-18,717196.315762,52.46
2017-04-19,735733.2142477001,50.49
2017-04-20,675804.0219027,50.26
2017-04-21,795795.893872,49.64
2017-04-22,974952.817869,53.38
2017-04-23,1140070.2748035,53.38
2017-04-24,755072.530945,48.9
2017-04-25,718996.080637,49.22
2017-04-26,781159.2829995,49.22
2017-04-27,624910.0260955,48.96
2017-04-28,797636.6251025,49.31
2017-04-29,1068279.815941,53.38
2017-04-30,1041249.2479705,53.38
2017-05-01,1306699.366897,48.83
2017-05-02,907324.094113,47.65
2017-05-03,924247.257204,47.79
2017-05-04,716654.608983,45.55
2017-05-05,780798.407016,46.23
2017-05-06,1039417.861868,53.38
2017-05-07,1227380.607924,53.38
2017-05-08,776307.495015,46.46
2017-05-09,715811.198881,45.84
2017-05-10,766101.907094,47.28
2017-05-11,648650.413039,47.81
2017-05-12,764812.415784,47.83
2017-05-13,1116976.891153,53.38
2017-05-14,884199.9138385,53.38
2017-05-15,823035.572122,48.86
2017-05-16,807803.8950783,48.64
2017-05-17,841407.607944,49.04
2017-05-18,628487.989962,49.36
2017-05-19,773775.4378677,50.32
2017-05-20,1035667.381833,53.38
2017-05-21,1201938.886229,53.38
2017-05-22,778935.156126,50.81
2017-05-23,723151.767982,51.12
2017-05-24,746303.6271255,50.99
2017-05-25,620108.24391,48.57
2017-05-26,984511.1521135,49.58
2017-05-27,932219.893144,53.38
2017-05-28,1061771.636907,53.38
2017-05-29,776813.137038,49.58
2017-05-30,742471.2769905,49.63
2017-05-31,858062.149411,48.29
2017-06-01,766859.172845,48.32
2017-06-02,918421.319125,47.68
2017-06-03,1176138.109152,53.38
2017-06-04,1376511.520495,53.38
2017-06-05,912693.8511,47.4
2017-06-06,805546.647956,48.13
2017-06-07,842979.8370823,45.8
2017-06-08,667099.801025,45.68
2017-06-09,795116.1360699,45.82
2017-06-10,993732.684049,53.38
2017-06-11,1213673.946877,53.38
2017-06-12,768349.7589517,46.1
2017-06-13,729412.959849,46.41
2017-06-14,785885.9088963,44.79
2017-06-15,660338.346974,44.47
2017-06-16,834786.4275550001,44.73
2017-06-17,1096133.5508865,53.38
2017-06-18,965144.121179,53.38
2017-06-19,791146.393731,44.24
2017-06-20,787326.7170395,43.34
2017-06-21,766159.0112892,42.48
2017-06-22,609868.8309586,42.53
2017-06-23,761049.7450639,42.86
2017-06-24,963268.227135,53.38
2017-06-25,1092610.858614,53.38
2017-06-26,755367.8450665,43.24
2017-06-27,682218.468913,44.25
2017-06-28,731896.9850105,44.74
2017-06-29,630811.802872,44.88
2017-06-30,802273.1392327,46.02
2017-07-01,1207529.921868,53.38
2017-07-02,1296379.2175535,53.38
2017-07-03,925143.408816,46.02
2017-07-04,832359.2860137,46.02
2017-07-05,844301.613116,45.11
2017-07-06,700272.0099567,45.52
2017-07-07,805792.302193,44.25
2017-07-08,998347.1930085,53.38
2017-07-09,1100833.322376,53.38
2017-07-10,804158.8610365,44.4
2017-07-11,730534.767701,45.06
2017-07-12,748799.9959087,45.48
2017-07-13,629651.3629294999,46.06
2017-07-14,765489.6173932999,46.53
2017-07-15,969077.125075,53.38
2017-07-16,1100803.699023,53.38
2017-07-17,818325.522149,46.02
2017-07-18,730133.70894,46.4
2017-07-19,767978.778078,47.1
2017-07-20,688288.067857,46.73
2017-07-21,782418.2992188,45.78
2017-07-22,932902.046681,53.38
2017-07-23,1024288.741245,53.38
2017-07-24,816564.327096,46.21
2017-07-25,713581.632609,47.77
2017-07-26,740653.044167,48.58
2017-07-27,659849.8270588,49.05
2017-07-28,835099.6822035,49.72
2017-07-29,1032310.865737,53.38
2017-07-30,1123752.4779517,53.38
2017-07-31,885856.8408705,50.21
2017-08-01,988527.763204,49.19
2017-08-02,964712.016051,49.6
2017-08-03,728068.485132,49.03
2017-08-04,827775.686128,49.57
2017-08-05,965693.650492,53.38
2017-08-06,1049559.164277,53.38
2017-08-07,797464.963817,49.37
2017-08-08,717766.3491055,49.07
2017-08-09,734139.67401,49.59
2017-08-10,651386.9119697,48.54
2017-08-11,826373.722022,48.81
2017-08-12,792630.5350785,53.38
2017-08-13,865639.677471,53.38
2017-08-14,760922.4060808,47.59
2017-08-15,762661.935939,47.57
